"CM025453.2 Bradysia coprophila strain Holo2 chromosome II, whole genome shotgun sequence",CM025453.2
"CM025454.2 Bradysia coprophila strain Holo2 chromosome III, whole genome shotgun sequence",CM025454.2
"CM025456.2 Bradysia coprophila strain Holo2 chromosome X, whole genome shotgun sequence",CM025456.2
"CM025455.2 Bradysia coprophila strain Holo2 chromosome IV, whole genome shotgun sequence",CM025455.2
"VSDI02000005.1 Bradysia coprophila strain Holo2 associated_contig_1, whole genome shotgun sequence",VSDI02000005.1
"VSDI02000014.1 Bradysia coprophila strain Holo2 associated_contig_10, whole genome shotgun sequence",VSDI02000014.1
"VSDI02000104.1 Bradysia coprophila strain Holo2 associated_contig_100, whole genome shotgun sequence",VSDI02000104.1
"VSDI02000105.1 Bradysia coprophila strain Holo2 associated_contig_101, whole genome shotgun sequence",VSDI02000105.1
"VSDI02000106.1 Bradysia coprophila strain Holo2 associated_contig_102, whole genome shotgun sequence",VSDI02000106.1
"VSDI02000107.1 Bradysia coprophila strain Holo2 associated_contig_103, whole genome shotgun sequence",VSDI02000107.1
"VSDI02000108.1 Bradysia coprophila strain Holo2 associated_contig_104, whole genome shotgun sequence",VSDI02000108.1
"VSDI02000109.1 Bradysia coprophila strain Holo2 associated_contig_105, whole genome shotgun sequence",VSDI02000109.1
"VSDI02000110.1 Bradysia coprophila strain Holo2 associated_contig_106, whole genome shotgun sequence",VSDI02000110.1
"VSDI02000111.1 Bradysia coprophila strain Holo2 associated_contig_107, whole genome shotgun sequence",VSDI02000111.1
"VSDI02000112.1 Bradysia coprophila strain Holo2 associated_contig_108, whole genome shotgun sequence",VSDI02000112.1
"VSDI02000113.1 Bradysia coprophila strain Holo2 associated_contig_109, whole genome shotgun sequence",VSDI02000113.1
"VSDI02000015.1 Bradysia coprophila strain Holo2 associated_contig_11, whole genome shotgun sequence",VSDI02000015.1
"VSDI02000114.1 Bradysia coprophila strain Holo2 associated_contig_110, whole genome shotgun sequence",VSDI02000114.1
"VSDI02000115.1 Bradysia coprophila strain Holo2 associated_contig_111, whole genome shotgun sequence",VSDI02000115.1
"VSDI02000116.1 Bradysia coprophila strain Holo2 associated_contig_112, whole genome shotgun sequence",VSDI02000116.1
"VSDI02000117.1 Bradysia coprophila strain Holo2 associated_contig_113, whole genome shotgun sequence",VSDI02000117.1
"VSDI02000118.1 Bradysia coprophila strain Holo2 associated_contig_114, whole genome shotgun sequence",VSDI02000118.1
"VSDI02000119.1 Bradysia coprophila strain Holo2 associated_contig_115, whole genome shotgun sequence",VSDI02000119.1
"VSDI02000120.1 Bradysia coprophila strain Holo2 associated_contig_116, whole genome shotgun sequence",VSDI02000120.1
"VSDI02000121.1 Bradysia coprophila strain Holo2 associated_contig_117, whole genome shotgun sequence",VSDI02000121.1
"VSDI02000122.1 Bradysia coprophila strain Holo2 associated_contig_118, whole genome shotgun sequence",VSDI02000122.1
"VSDI02000123.1 Bradysia coprophila strain Holo2 associated_contig_119, whole genome shotgun sequence",VSDI02000123.1
"VSDI02000016.1 Bradysia coprophila strain Holo2 associated_contig_12, whole genome shotgun sequence",VSDI02000016.1
"VSDI02000124.1 Bradysia coprophila strain Holo2 associated_contig_120, whole genome shotgun sequence",VSDI02000124.1
"VSDI02000125.1 Bradysia coprophila strain Holo2 associated_contig_121, whole genome shotgun sequence",VSDI02000125.1
"VSDI02000126.1 Bradysia coprophila strain Holo2 associated_contig_122, whole genome shotgun sequence",VSDI02000126.1
"VSDI02000127.1 Bradysia coprophila strain Holo2 associated_contig_123, whole genome shotgun sequence",VSDI02000127.1
"VSDI02000128.1 Bradysia coprophila strain Holo2 associated_contig_124, whole genome shotgun sequence",VSDI02000128.1
"VSDI02000129.1 Bradysia coprophila strain Holo2 associated_contig_125, whole genome shotgun sequence",VSDI02000129.1
"VSDI02000130.1 Bradysia coprophila strain Holo2 associated_contig_126, whole genome shotgun sequence",VSDI02000130.1
"VSDI02000131.1 Bradysia coprophila strain Holo2 associated_contig_127, whole genome shotgun sequence",VSDI02000131.1
"VSDI02000132.1 Bradysia coprophila strain Holo2 associated_contig_128, whole genome shotgun sequence",VSDI02000132.1
"VSDI02000133.1 Bradysia coprophila strain Holo2 associated_contig_129, whole genome shotgun sequence",VSDI02000133.1
"VSDI02000017.1 Bradysia coprophila strain Holo2 associated_contig_13, whole genome shotgun sequence",VSDI02000017.1
"VSDI02000134.1 Bradysia coprophila strain Holo2 associated_contig_130, whole genome shotgun sequence",VSDI02000134.1
"VSDI02000135.1 Bradysia coprophila strain Holo2 associated_contig_131, whole genome shotgun sequence",VSDI02000135.1
"VSDI02000136.1 Bradysia coprophila strain Holo2 associated_contig_132, whole genome shotgun sequence",VSDI02000136.1
"VSDI02000137.1 Bradysia coprophila strain Holo2 associated_contig_133, whole genome shotgun sequence",VSDI02000137.1
"VSDI02000138.1 Bradysia coprophila strain Holo2 associated_contig_134, whole genome shotgun sequence",VSDI02000138.1
"VSDI02000139.1 Bradysia coprophila strain Holo2 associated_contig_135, whole genome shotgun sequence",VSDI02000139.1
"VSDI02000140.1 Bradysia coprophila strain Holo2 associated_contig_136, whole genome shotgun sequence",VSDI02000140.1
"VSDI02000141.1 Bradysia coprophila strain Holo2 associated_contig_137, whole genome shotgun sequence",VSDI02000141.1
"VSDI02000142.1 Bradysia coprophila strain Holo2 associated_contig_138, whole genome shotgun sequence",VSDI02000142.1
"VSDI02000143.1 Bradysia coprophila strain Holo2 associated_contig_139, whole genome shotgun sequence",VSDI02000143.1
"VSDI02000018.1 Bradysia coprophila strain Holo2 associated_contig_14, whole genome shotgun sequence",VSDI02000018.1
"VSDI02000144.1 Bradysia coprophila strain Holo2 associated_contig_140, whole genome shotgun sequence",VSDI02000144.1
"VSDI02000145.1 Bradysia coprophila strain Holo2 associated_contig_141, whole genome shotgun sequence",VSDI02000145.1
"VSDI02000146.1 Bradysia coprophila strain Holo2 associated_contig_142, whole genome shotgun sequence",VSDI02000146.1
"VSDI02000147.1 Bradysia coprophila strain Holo2 associated_contig_143, whole genome shotgun sequence",VSDI02000147.1
"VSDI02000148.1 Bradysia coprophila strain Holo2 associated_contig_144, whole genome shotgun sequence",VSDI02000148.1
"VSDI02000149.1 Bradysia coprophila strain Holo2 associated_contig_145, whole genome shotgun sequence",VSDI02000149.1
"VSDI02000150.1 Bradysia coprophila strain Holo2 associated_contig_146, whole genome shotgun sequence",VSDI02000150.1
"VSDI02000151.1 Bradysia coprophila strain Holo2 associated_contig_147, whole genome shotgun sequence",VSDI02000151.1
"VSDI02000152.1 Bradysia coprophila strain Holo2 associated_contig_148, whole genome shotgun sequence",VSDI02000152.1
"VSDI02000153.1 Bradysia coprophila strain Holo2 associated_contig_149, whole genome shotgun sequence",VSDI02000153.1
"VSDI02000019.1 Bradysia coprophila strain Holo2 associated_contig_15, whole genome shotgun sequence",VSDI02000019.1
"VSDI02000154.1 Bradysia coprophila strain Holo2 associated_contig_150, whole genome shotgun sequence",VSDI02000154.1
"VSDI02000155.1 Bradysia coprophila strain Holo2 associated_contig_151, whole genome shotgun sequence",VSDI02000155.1
"VSDI02000156.1 Bradysia coprophila strain Holo2 associated_contig_152, whole genome shotgun sequence",VSDI02000156.1
"VSDI02000157.1 Bradysia coprophila strain Holo2 associated_contig_153, whole genome shotgun sequence",VSDI02000157.1
"VSDI02000158.1 Bradysia coprophila strain Holo2 associated_contig_154, whole genome shotgun sequence",VSDI02000158.1
"VSDI02000159.1 Bradysia coprophila strain Holo2 associated_contig_155, whole genome shotgun sequence",VSDI02000159.1
"VSDI02000160.1 Bradysia coprophila strain Holo2 associated_contig_156, whole genome shotgun sequence",VSDI02000160.1
"VSDI02000161.1 Bradysia coprophila strain Holo2 associated_contig_157, whole genome shotgun sequence",VSDI02000161.1
"VSDI02000162.1 Bradysia coprophila strain Holo2 associated_contig_158, whole genome shotgun sequence",VSDI02000162.1
"VSDI02000163.1 Bradysia coprophila strain Holo2 associated_contig_159, whole genome shotgun sequence",VSDI02000163.1
"VSDI02000020.1 Bradysia coprophila strain Holo2 associated_contig_16, whole genome shotgun sequence",VSDI02000020.1
"VSDI02000164.1 Bradysia coprophila strain Holo2 associated_contig_160, whole genome shotgun sequence",VSDI02000164.1
"VSDI02000165.1 Bradysia coprophila strain Holo2 associated_contig_161, whole genome shotgun sequence",VSDI02000165.1
"VSDI02000166.1 Bradysia coprophila strain Holo2 associated_contig_162, whole genome shotgun sequence",VSDI02000166.1
"VSDI02000167.1 Bradysia coprophila strain Holo2 associated_contig_163, whole genome shotgun sequence",VSDI02000167.1
"VSDI02000168.1 Bradysia coprophila strain Holo2 associated_contig_164, whole genome shotgun sequence",VSDI02000168.1
"VSDI02000169.1 Bradysia coprophila strain Holo2 associated_contig_165, whole genome shotgun sequence",VSDI02000169.1
"VSDI02000170.1 Bradysia coprophila strain Holo2 associated_contig_166, whole genome shotgun sequence",VSDI02000170.1
"VSDI02000171.1 Bradysia coprophila strain Holo2 associated_contig_167, whole genome shotgun sequence",VSDI02000171.1
"VSDI02000172.1 Bradysia coprophila strain Holo2 associated_contig_168, whole genome shotgun sequence",VSDI02000172.1
"VSDI02000173.1 Bradysia coprophila strain Holo2 associated_contig_169, whole genome shotgun sequence",VSDI02000173.1
"VSDI02000021.1 Bradysia coprophila strain Holo2 associated_contig_17, whole genome shotgun sequence",VSDI02000021.1
"VSDI02000174.1 Bradysia coprophila strain Holo2 associated_contig_170, whole genome shotgun sequence",VSDI02000174.1
"VSDI02000175.1 Bradysia coprophila strain Holo2 associated_contig_171, whole genome shotgun sequence",VSDI02000175.1
"VSDI02000176.1 Bradysia coprophila strain Holo2 associated_contig_172, whole genome shotgun sequence",VSDI02000176.1
"VSDI02000177.1 Bradysia coprophila strain Holo2 associated_contig_173, whole genome shotgun sequence",VSDI02000177.1
"VSDI02000178.1 Bradysia coprophila strain Holo2 associated_contig_174, whole genome shotgun sequence",VSDI02000178.1
"VSDI02000179.1 Bradysia coprophila strain Holo2 associated_contig_175, whole genome shotgun sequence",VSDI02000179.1
"VSDI02000180.1 Bradysia coprophila strain Holo2 associated_contig_176, whole genome shotgun sequence",VSDI02000180.1
"VSDI02000181.1 Bradysia coprophila strain Holo2 associated_contig_177, whole genome shotgun sequence",VSDI02000181.1
"VSDI02000182.1 Bradysia coprophila strain Holo2 associated_contig_178, whole genome shotgun sequence",VSDI02000182.1
"VSDI02000183.1 Bradysia coprophila strain Holo2 associated_contig_179, whole genome shotgun sequence",VSDI02000183.1
"VSDI02000022.1 Bradysia coprophila strain Holo2 associated_contig_18, whole genome shotgun sequence",VSDI02000022.1
"VSDI02000184.1 Bradysia coprophila strain Holo2 associated_contig_180, whole genome shotgun sequence",VSDI02000184.1
"VSDI02000185.1 Bradysia coprophila strain Holo2 associated_contig_181, whole genome shotgun sequence",VSDI02000185.1
"VSDI02000186.1 Bradysia coprophila strain Holo2 associated_contig_182, whole genome shotgun sequence",VSDI02000186.1
"VSDI02000187.1 Bradysia coprophila strain Holo2 associated_contig_183, whole genome shotgun sequence",VSDI02000187.1
"VSDI02000188.1 Bradysia coprophila strain Holo2 associated_contig_184, whole genome shotgun sequence",VSDI02000188.1
"VSDI02000189.1 Bradysia coprophila strain Holo2 associated_contig_185, whole genome shotgun sequence",VSDI02000189.1
"VSDI02000190.1 Bradysia coprophila strain Holo2 associated_contig_186, whole genome shotgun sequence",VSDI02000190.1
"VSDI02000191.1 Bradysia coprophila strain Holo2 associated_contig_187, whole genome shotgun sequence",VSDI02000191.1
"VSDI02000192.1 Bradysia coprophila strain Holo2 associated_contig_188, whole genome shotgun sequence",VSDI02000192.1
"VSDI02000193.1 Bradysia coprophila strain Holo2 associated_contig_189, whole genome shotgun sequence",VSDI02000193.1
"VSDI02000023.1 Bradysia coprophila strain Holo2 associated_contig_19, whole genome shotgun sequence",VSDI02000023.1
"VSDI02000194.1 Bradysia coprophila strain Holo2 associated_contig_190, whole genome shotgun sequence",VSDI02000194.1
"VSDI02000195.1 Bradysia coprophila strain Holo2 associated_contig_191, whole genome shotgun sequence",VSDI02000195.1
"VSDI02000196.1 Bradysia coprophila strain Holo2 associated_contig_192, whole genome shotgun sequence",VSDI02000196.1
"VSDI02000197.1 Bradysia coprophila strain Holo2 associated_contig_193, whole genome shotgun sequence",VSDI02000197.1
"VSDI02000198.1 Bradysia coprophila strain Holo2 associated_contig_194, whole genome shotgun sequence",VSDI02000198.1
"VSDI02000199.1 Bradysia coprophila strain Holo2 associated_contig_195, whole genome shotgun sequence",VSDI02000199.1
"VSDI02000200.1 Bradysia coprophila strain Holo2 associated_contig_196, whole genome shotgun sequence",VSDI02000200.1
"VSDI02000201.1 Bradysia coprophila strain Holo2 associated_contig_197, whole genome shotgun sequence",VSDI02000201.1
"VSDI02000202.1 Bradysia coprophila strain Holo2 associated_contig_198, whole genome shotgun sequence",VSDI02000202.1
"VSDI02000203.1 Bradysia coprophila strain Holo2 associated_contig_199, whole genome shotgun sequence",VSDI02000203.1
"VSDI02000006.1 Bradysia coprophila strain Holo2 associated_contig_2, whole genome shotgun sequence",VSDI02000006.1
"VSDI02000024.1 Bradysia coprophila strain Holo2 associated_contig_20, whole genome shotgun sequence",VSDI02000024.1
"VSDI02000204.1 Bradysia coprophila strain Holo2 associated_contig_200, whole genome shotgun sequence",VSDI02000204.1
"VSDI02000205.1 Bradysia coprophila strain Holo2 associated_contig_201, whole genome shotgun sequence",VSDI02000205.1
"VSDI02000206.1 Bradysia coprophila strain Holo2 associated_contig_202, whole genome shotgun sequence",VSDI02000206.1
"VSDI02000207.1 Bradysia coprophila strain Holo2 associated_contig_203, whole genome shotgun sequence",VSDI02000207.1
"VSDI02000208.1 Bradysia coprophila strain Holo2 associated_contig_204, whole genome shotgun sequence",VSDI02000208.1
"VSDI02000209.1 Bradysia coprophila strain Holo2 associated_contig_205, whole genome shotgun sequence",VSDI02000209.1
"VSDI02000210.1 Bradysia coprophila strain Holo2 associated_contig_206, whole genome shotgun sequence",VSDI02000210.1
"VSDI02000211.1 Bradysia coprophila strain Holo2 associated_contig_207, whole genome shotgun sequence",VSDI02000211.1
"VSDI02000212.1 Bradysia coprophila strain Holo2 associated_contig_208, whole genome shotgun sequence",VSDI02000212.1
"VSDI02000213.1 Bradysia coprophila strain Holo2 associated_contig_209, whole genome shotgun sequence",VSDI02000213.1
"VSDI02000025.1 Bradysia coprophila strain Holo2 associated_contig_21, whole genome shotgun sequence",VSDI02000025.1
"VSDI02000214.1 Bradysia coprophila strain Holo2 associated_contig_210, whole genome shotgun sequence",VSDI02000214.1
"VSDI02000215.1 Bradysia coprophila strain Holo2 associated_contig_211, whole genome shotgun sequence",VSDI02000215.1
"VSDI02000216.1 Bradysia coprophila strain Holo2 associated_contig_212, whole genome shotgun sequence",VSDI02000216.1
"VSDI02000217.1 Bradysia coprophila strain Holo2 associated_contig_213, whole genome shotgun sequence",VSDI02000217.1
"VSDI02000218.1 Bradysia coprophila strain Holo2 associated_contig_214, whole genome shotgun sequence",VSDI02000218.1
"VSDI02000219.1 Bradysia coprophila strain Holo2 associated_contig_215, whole genome shotgun sequence",VSDI02000219.1
"VSDI02000220.1 Bradysia coprophila strain Holo2 associated_contig_216, whole genome shotgun sequence",VSDI02000220.1
"VSDI02000221.1 Bradysia coprophila strain Holo2 associated_contig_217, whole genome shotgun sequence",VSDI02000221.1
"VSDI02000222.1 Bradysia coprophila strain Holo2 associated_contig_218, whole genome shotgun sequence",VSDI02000222.1
"VSDI02000223.1 Bradysia coprophila strain Holo2 associated_contig_219, whole genome shotgun sequence",VSDI02000223.1
"VSDI02000026.1 Bradysia coprophila strain Holo2 associated_contig_22, whole genome shotgun sequence",VSDI02000026.1
"VSDI02000224.1 Bradysia coprophila strain Holo2 associated_contig_220, whole genome shotgun sequence",VSDI02000224.1
"VSDI02000225.1 Bradysia coprophila strain Holo2 associated_contig_221, whole genome shotgun sequence",VSDI02000225.1
"VSDI02000226.1 Bradysia coprophila strain Holo2 associated_contig_222, whole genome shotgun sequence",VSDI02000226.1
"VSDI02000227.1 Bradysia coprophila strain Holo2 associated_contig_223, whole genome shotgun sequence",VSDI02000227.1
"VSDI02000228.1 Bradysia coprophila strain Holo2 associated_contig_224, whole genome shotgun sequence",VSDI02000228.1
"VSDI02000229.1 Bradysia coprophila strain Holo2 associated_contig_225, whole genome shotgun sequence",VSDI02000229.1
"VSDI02000230.1 Bradysia coprophila strain Holo2 associated_contig_226, whole genome shotgun sequence",VSDI02000230.1
"VSDI02000231.1 Bradysia coprophila strain Holo2 associated_contig_227, whole genome shotgun sequence",VSDI02000231.1
"VSDI02000232.1 Bradysia coprophila strain Holo2 associated_contig_228, whole genome shotgun sequence",VSDI02000232.1
"VSDI02000233.1 Bradysia coprophila strain Holo2 associated_contig_229, whole genome shotgun sequence",VSDI02000233.1
"VSDI02000027.1 Bradysia coprophila strain Holo2 associated_contig_23, whole genome shotgun sequence",VSDI02000027.1
"VSDI02000234.1 Bradysia coprophila strain Holo2 associated_contig_230, whole genome shotgun sequence",VSDI02000234.1
"VSDI02000235.1 Bradysia coprophila strain Holo2 associated_contig_231, whole genome shotgun sequence",VSDI02000235.1
"VSDI02000236.1 Bradysia coprophila strain Holo2 associated_contig_232, whole genome shotgun sequence",VSDI02000236.1
"VSDI02000237.1 Bradysia coprophila strain Holo2 associated_contig_233, whole genome shotgun sequence",VSDI02000237.1
"VSDI02000238.1 Bradysia coprophila strain Holo2 associated_contig_234, whole genome shotgun sequence",VSDI02000238.1
"VSDI02000239.1 Bradysia coprophila strain Holo2 associated_contig_235, whole genome shotgun sequence",VSDI02000239.1
"VSDI02000240.1 Bradysia coprophila strain Holo2 associated_contig_236, whole genome shotgun sequence",VSDI02000240.1
"VSDI02000241.1 Bradysia coprophila strain Holo2 associated_contig_237, whole genome shotgun sequence",VSDI02000241.1
"VSDI02000242.1 Bradysia coprophila strain Holo2 associated_contig_238, whole genome shotgun sequence",VSDI02000242.1
"VSDI02000243.1 Bradysia coprophila strain Holo2 associated_contig_239, whole genome shotgun sequence",VSDI02000243.1
"VSDI02000028.1 Bradysia coprophila strain Holo2 associated_contig_24, whole genome shotgun sequence",VSDI02000028.1
"VSDI02000244.1 Bradysia coprophila strain Holo2 associated_contig_240, whole genome shotgun sequence",VSDI02000244.1
"VSDI02000245.1 Bradysia coprophila strain Holo2 associated_contig_241, whole genome shotgun sequence",VSDI02000245.1
"VSDI02000246.1 Bradysia coprophila strain Holo2 associated_contig_242, whole genome shotgun sequence",VSDI02000246.1
"VSDI02000247.1 Bradysia coprophila strain Holo2 associated_contig_243, whole genome shotgun sequence",VSDI02000247.1
"VSDI02000248.1 Bradysia coprophila strain Holo2 associated_contig_244, whole genome shotgun sequence",VSDI02000248.1
"VSDI02000249.1 Bradysia coprophila strain Holo2 associated_contig_245, whole genome shotgun sequence",VSDI02000249.1
"VSDI02000250.1 Bradysia coprophila strain Holo2 associated_contig_246, whole genome shotgun sequence",VSDI02000250.1
"VSDI02000251.1 Bradysia coprophila strain Holo2 associated_contig_247, whole genome shotgun sequence",VSDI02000251.1
"VSDI02000252.1 Bradysia coprophila strain Holo2 associated_contig_248, whole genome shotgun sequence",VSDI02000252.1
"VSDI02000253.1 Bradysia coprophila strain Holo2 associated_contig_249, whole genome shotgun sequence",VSDI02000253.1
"VSDI02000029.1 Bradysia coprophila strain Holo2 associated_contig_25, whole genome shotgun sequence",VSDI02000029.1
"VSDI02000254.1 Bradysia coprophila strain Holo2 associated_contig_250, whole genome shotgun sequence",VSDI02000254.1
"VSDI02000255.1 Bradysia coprophila strain Holo2 associated_contig_251, whole genome shotgun sequence",VSDI02000255.1
"VSDI02000256.1 Bradysia coprophila strain Holo2 associated_contig_252, whole genome shotgun sequence",VSDI02000256.1
"VSDI02000257.1 Bradysia coprophila strain Holo2 associated_contig_253, whole genome shotgun sequence",VSDI02000257.1
"VSDI02000258.1 Bradysia coprophila strain Holo2 associated_contig_254, whole genome shotgun sequence",VSDI02000258.1
"VSDI02000259.1 Bradysia coprophila strain Holo2 associated_contig_255, whole genome shotgun sequence",VSDI02000259.1
"VSDI02000260.1 Bradysia coprophila strain Holo2 associated_contig_256, whole genome shotgun sequence",VSDI02000260.1
"VSDI02000261.1 Bradysia coprophila strain Holo2 associated_contig_257, whole genome shotgun sequence",VSDI02000261.1
"VSDI02000262.1 Bradysia coprophila strain Holo2 associated_contig_258, whole genome shotgun sequence",VSDI02000262.1
"VSDI02000263.1 Bradysia coprophila strain Holo2 associated_contig_259, whole genome shotgun sequence",VSDI02000263.1
"VSDI02000030.1 Bradysia coprophila strain Holo2 associated_contig_26, whole genome shotgun sequence",VSDI02000030.1
"VSDI02000264.1 Bradysia coprophila strain Holo2 associated_contig_260, whole genome shotgun sequence",VSDI02000264.1
"VSDI02000265.1 Bradysia coprophila strain Holo2 associated_contig_261, whole genome shotgun sequence",VSDI02000265.1
"VSDI02000266.1 Bradysia coprophila strain Holo2 associated_contig_262, whole genome shotgun sequence",VSDI02000266.1
"VSDI02000267.1 Bradysia coprophila strain Holo2 associated_contig_263, whole genome shotgun sequence",VSDI02000267.1
"VSDI02000268.1 Bradysia coprophila strain Holo2 associated_contig_264, whole genome shotgun sequence",VSDI02000268.1
"VSDI02000269.1 Bradysia coprophila strain Holo2 associated_contig_265, whole genome shotgun sequence",VSDI02000269.1
"VSDI02000270.1 Bradysia coprophila strain Holo2 associated_contig_266, whole genome shotgun sequence",VSDI02000270.1
"VSDI02000271.1 Bradysia coprophila strain Holo2 associated_contig_267, whole genome shotgun sequence",VSDI02000271.1
"VSDI02000272.1 Bradysia coprophila strain Holo2 associated_contig_268, whole genome shotgun sequence",VSDI02000272.1
"VSDI02000273.1 Bradysia coprophila strain Holo2 associated_contig_269, whole genome shotgun sequence",VSDI02000273.1
"VSDI02000031.1 Bradysia coprophila strain Holo2 associated_contig_27, whole genome shotgun sequence",VSDI02000031.1
"VSDI02000274.1 Bradysia coprophila strain Holo2 associated_contig_270, whole genome shotgun sequence",VSDI02000274.1
"VSDI02000275.1 Bradysia coprophila strain Holo2 associated_contig_271, whole genome shotgun sequence",VSDI02000275.1
"VSDI02000276.1 Bradysia coprophila strain Holo2 associated_contig_272, whole genome shotgun sequence",VSDI02000276.1
"VSDI02000277.1 Bradysia coprophila strain Holo2 associated_contig_273, whole genome shotgun sequence",VSDI02000277.1
"VSDI02000278.1 Bradysia coprophila strain Holo2 associated_contig_274, whole genome shotgun sequence",VSDI02000278.1
"VSDI02000279.1 Bradysia coprophila strain Holo2 associated_contig_275, whole genome shotgun sequence",VSDI02000279.1
"VSDI02000280.1 Bradysia coprophila strain Holo2 associated_contig_276, whole genome shotgun sequence",VSDI02000280.1
"VSDI02000281.1 Bradysia coprophila strain Holo2 associated_contig_277, whole genome shotgun sequence",VSDI02000281.1
"VSDI02000282.1 Bradysia coprophila strain Holo2 associated_contig_278, whole genome shotgun sequence",VSDI02000282.1
"VSDI02000283.1 Bradysia coprophila strain Holo2 associated_contig_279, whole genome shotgun sequence",VSDI02000283.1
"VSDI02000032.1 Bradysia coprophila strain Holo2 associated_contig_28, whole genome shotgun sequence",VSDI02000032.1
"VSDI02000284.1 Bradysia coprophila strain Holo2 associated_contig_280, whole genome shotgun sequence",VSDI02000284.1
"VSDI02000285.1 Bradysia coprophila strain Holo2 associated_contig_281, whole genome shotgun sequence",VSDI02000285.1
"VSDI02000286.1 Bradysia coprophila strain Holo2 associated_contig_282, whole genome shotgun sequence",VSDI02000286.1
"VSDI02000287.1 Bradysia coprophila strain Holo2 associated_contig_283, whole genome shotgun sequence",VSDI02000287.1
"VSDI02000288.1 Bradysia coprophila strain Holo2 associated_contig_284, whole genome shotgun sequence",VSDI02000288.1
"VSDI02000289.1 Bradysia coprophila strain Holo2 associated_contig_285, whole genome shotgun sequence",VSDI02000289.1
"VSDI02000290.1 Bradysia coprophila strain Holo2 associated_contig_286, whole genome shotgun sequence",VSDI02000290.1
"VSDI02000291.1 Bradysia coprophila strain Holo2 associated_contig_287, whole genome shotgun sequence",VSDI02000291.1
"VSDI02000292.1 Bradysia coprophila strain Holo2 associated_contig_288, whole genome shotgun sequence",VSDI02000292.1
"VSDI02000293.1 Bradysia coprophila strain Holo2 associated_contig_289, whole genome shotgun sequence",VSDI02000293.1
"VSDI02000033.1 Bradysia coprophila strain Holo2 associated_contig_29, whole genome shotgun sequence",VSDI02000033.1
"VSDI02000294.1 Bradysia coprophila strain Holo2 associated_contig_290, whole genome shotgun sequence",VSDI02000294.1
"VSDI02000295.1 Bradysia coprophila strain Holo2 associated_contig_291, whole genome shotgun sequence",VSDI02000295.1
"VSDI02000296.1 Bradysia coprophila strain Holo2 associated_contig_292, whole genome shotgun sequence",VSDI02000296.1
"VSDI02000297.1 Bradysia coprophila strain Holo2 associated_contig_293, whole genome shotgun sequence",VSDI02000297.1
"VSDI02000298.1 Bradysia coprophila strain Holo2 associated_contig_294, whole genome shotgun sequence",VSDI02000298.1
"VSDI02000299.1 Bradysia coprophila strain Holo2 associated_contig_295, whole genome shotgun sequence",VSDI02000299.1
"VSDI02000300.1 Bradysia coprophila strain Holo2 associated_contig_296, whole genome shotgun sequence",VSDI02000300.1
"VSDI02000301.1 Bradysia coprophila strain Holo2 associated_contig_297, whole genome shotgun sequence",VSDI02000301.1
"VSDI02000302.1 Bradysia coprophila strain Holo2 associated_contig_298, whole genome shotgun sequence",VSDI02000302.1
"VSDI02000303.1 Bradysia coprophila strain Holo2 associated_contig_299, whole genome shotgun sequence",VSDI02000303.1
"VSDI02000007.1 Bradysia coprophila strain Holo2 associated_contig_3, whole genome shotgun sequence",VSDI02000007.1
"VSDI02000034.1 Bradysia coprophila strain Holo2 associated_contig_30, whole genome shotgun sequence",VSDI02000034.1
"VSDI02000304.1 Bradysia coprophila strain Holo2 associated_contig_300, whole genome shotgun sequence",VSDI02000304.1
"VSDI02000305.1 Bradysia coprophila strain Holo2 associated_contig_301, whole genome shotgun sequence",VSDI02000305.1
"VSDI02000306.1 Bradysia coprophila strain Holo2 associated_contig_302, whole genome shotgun sequence",VSDI02000306.1
"VSDI02000307.1 Bradysia coprophila strain Holo2 associated_contig_303, whole genome shotgun sequence",VSDI02000307.1
"VSDI02000308.1 Bradysia coprophila strain Holo2 associated_contig_304, whole genome shotgun sequence",VSDI02000308.1
"VSDI02000309.1 Bradysia coprophila strain Holo2 associated_contig_305, whole genome shotgun sequence",VSDI02000309.1
"VSDI02000310.1 Bradysia coprophila strain Holo2 associated_contig_306, whole genome shotgun sequence",VSDI02000310.1
"VSDI02000311.1 Bradysia coprophila strain Holo2 associated_contig_307, whole genome shotgun sequence",VSDI02000311.1
"VSDI02000312.1 Bradysia coprophila strain Holo2 associated_contig_308, whole genome shotgun sequence",VSDI02000312.1
"VSDI02000313.1 Bradysia coprophila strain Holo2 associated_contig_309, whole genome shotgun sequence",VSDI02000313.1
"VSDI02000035.1 Bradysia coprophila strain Holo2 associated_contig_31, whole genome shotgun sequence",VSDI02000035.1
"VSDI02000314.1 Bradysia coprophila strain Holo2 associated_contig_310, whole genome shotgun sequence",VSDI02000314.1
"VSDI02000315.1 Bradysia coprophila strain Holo2 associated_contig_311, whole genome shotgun sequence",VSDI02000315.1
"VSDI02000316.1 Bradysia coprophila strain Holo2 associated_contig_312, whole genome shotgun sequence",VSDI02000316.1
"VSDI02000317.1 Bradysia coprophila strain Holo2 associated_contig_313, whole genome shotgun sequence",VSDI02000317.1
"VSDI02000318.1 Bradysia coprophila strain Holo2 associated_contig_314, whole genome shotgun sequence",VSDI02000318.1
"VSDI02000319.1 Bradysia coprophila strain Holo2 associated_contig_315, whole genome shotgun sequence",VSDI02000319.1
"VSDI02000320.1 Bradysia coprophila strain Holo2 associated_contig_316, whole genome shotgun sequence",VSDI02000320.1
"VSDI02000321.1 Bradysia coprophila strain Holo2 associated_contig_317, whole genome shotgun sequence",VSDI02000321.1
"VSDI02000322.1 Bradysia coprophila strain Holo2 associated_contig_318, whole genome shotgun sequence",VSDI02000322.1
"VSDI02000323.1 Bradysia coprophila strain Holo2 associated_contig_319, whole genome shotgun sequence",VSDI02000323.1
"VSDI02000036.1 Bradysia coprophila strain Holo2 associated_contig_32, whole genome shotgun sequence",VSDI02000036.1
"VSDI02000324.1 Bradysia coprophila strain Holo2 associated_contig_320, whole genome shotgun sequence",VSDI02000324.1
"VSDI02000325.1 Bradysia coprophila strain Holo2 associated_contig_321, whole genome shotgun sequence",VSDI02000325.1
"VSDI02000326.1 Bradysia coprophila strain Holo2 associated_contig_322, whole genome shotgun sequence",VSDI02000326.1
"VSDI02000327.1 Bradysia coprophila strain Holo2 associated_contig_323, whole genome shotgun sequence",VSDI02000327.1
"VSDI02000328.1 Bradysia coprophila strain Holo2 associated_contig_324, whole genome shotgun sequence",VSDI02000328.1
"VSDI02000329.1 Bradysia coprophila strain Holo2 associated_contig_325, whole genome shotgun sequence",VSDI02000329.1
"VSDI02000330.1 Bradysia coprophila strain Holo2 associated_contig_326, whole genome shotgun sequence",VSDI02000330.1
"VSDI02000331.1 Bradysia coprophila strain Holo2 associated_contig_327, whole genome shotgun sequence",VSDI02000331.1
"VSDI02000332.1 Bradysia coprophila strain Holo2 associated_contig_328, whole genome shotgun sequence",VSDI02000332.1
"VSDI02000333.1 Bradysia coprophila strain Holo2 associated_contig_329, whole genome shotgun sequence",VSDI02000333.1
"VSDI02000037.1 Bradysia coprophila strain Holo2 associated_contig_33, whole genome shotgun sequence",VSDI02000037.1
"VSDI02000334.1 Bradysia coprophila strain Holo2 associated_contig_330, whole genome shotgun sequence",VSDI02000334.1
"VSDI02000335.1 Bradysia coprophila strain Holo2 associated_contig_331, whole genome shotgun sequence",VSDI02000335.1
"VSDI02000336.1 Bradysia coprophila strain Holo2 associated_contig_332, whole genome shotgun sequence",VSDI02000336.1
"VSDI02000337.1 Bradysia coprophila strain Holo2 associated_contig_333, whole genome shotgun sequence",VSDI02000337.1
"VSDI02000338.1 Bradysia coprophila strain Holo2 associated_contig_334, whole genome shotgun sequence",VSDI02000338.1
"VSDI02000339.1 Bradysia coprophila strain Holo2 associated_contig_335, whole genome shotgun sequence",VSDI02000339.1
"VSDI02000340.1 Bradysia coprophila strain Holo2 associated_contig_336, whole genome shotgun sequence",VSDI02000340.1
"VSDI02000341.1 Bradysia coprophila strain Holo2 associated_contig_337, whole genome shotgun sequence",VSDI02000341.1
"VSDI02000342.1 Bradysia coprophila strain Holo2 associated_contig_338, whole genome shotgun sequence",VSDI02000342.1
"VSDI02000343.1 Bradysia coprophila strain Holo2 associated_contig_339, whole genome shotgun sequence",VSDI02000343.1
"VSDI02000038.1 Bradysia coprophila strain Holo2 associated_contig_34, whole genome shotgun sequence",VSDI02000038.1
"VSDI02000344.1 Bradysia coprophila strain Holo2 associated_contig_340, whole genome shotgun sequence",VSDI02000344.1
"VSDI02000345.1 Bradysia coprophila strain Holo2 associated_contig_341, whole genome shotgun sequence",VSDI02000345.1
"VSDI02000346.1 Bradysia coprophila strain Holo2 associated_contig_342, whole genome shotgun sequence",VSDI02000346.1
"VSDI02000347.1 Bradysia coprophila strain Holo2 associated_contig_343, whole genome shotgun sequence",VSDI02000347.1
"VSDI02000348.1 Bradysia coprophila strain Holo2 associated_contig_344, whole genome shotgun sequence",VSDI02000348.1
"VSDI02000349.1 Bradysia coprophila strain Holo2 associated_contig_345, whole genome shotgun sequence",VSDI02000349.1
"VSDI02000350.1 Bradysia coprophila strain Holo2 associated_contig_346, whole genome shotgun sequence",VSDI02000350.1
"VSDI02000351.1 Bradysia coprophila strain Holo2 associated_contig_347, whole genome shotgun sequence",VSDI02000351.1
"VSDI02000352.1 Bradysia coprophila strain Holo2 associated_contig_348, whole genome shotgun sequence",VSDI02000352.1
"VSDI02000353.1 Bradysia coprophila strain Holo2 associated_contig_349, whole genome shotgun sequence",VSDI02000353.1
"VSDI02000039.1 Bradysia coprophila strain Holo2 associated_contig_35, whole genome shotgun sequence",VSDI02000039.1
"VSDI02000354.1 Bradysia coprophila strain Holo2 associated_contig_350, whole genome shotgun sequence",VSDI02000354.1
"VSDI02000355.1 Bradysia coprophila strain Holo2 associated_contig_351, whole genome shotgun sequence",VSDI02000355.1
"VSDI02000356.1 Bradysia coprophila strain Holo2 associated_contig_352, whole genome shotgun sequence",VSDI02000356.1
"VSDI02000357.1 Bradysia coprophila strain Holo2 associated_contig_353, whole genome shotgun sequence",VSDI02000357.1
"VSDI02000358.1 Bradysia coprophila strain Holo2 associated_contig_354, whole genome shotgun sequence",VSDI02000358.1
"VSDI02000359.1 Bradysia coprophila strain Holo2 associated_contig_355, whole genome shotgun sequence",VSDI02000359.1
"VSDI02000360.1 Bradysia coprophila strain Holo2 associated_contig_356, whole genome shotgun sequence",VSDI02000360.1
"VSDI02000361.1 Bradysia coprophila strain Holo2 associated_contig_357, whole genome shotgun sequence",VSDI02000361.1
"VSDI02000362.1 Bradysia coprophila strain Holo2 associated_contig_358, whole genome shotgun sequence",VSDI02000362.1
"VSDI02000363.1 Bradysia coprophila strain Holo2 associated_contig_359, whole genome shotgun sequence",VSDI02000363.1
"VSDI02000040.1 Bradysia coprophila strain Holo2 associated_contig_36, whole genome shotgun sequence",VSDI02000040.1
"VSDI02000364.1 Bradysia coprophila strain Holo2 associated_contig_360, whole genome shotgun sequence",VSDI02000364.1
"VSDI02000365.1 Bradysia coprophila strain Holo2 associated_contig_361, whole genome shotgun sequence",VSDI02000365.1
"VSDI02000366.1 Bradysia coprophila strain Holo2 associated_contig_362, whole genome shotgun sequence",VSDI02000366.1
"VSDI02000367.1 Bradysia coprophila strain Holo2 associated_contig_363, whole genome shotgun sequence",VSDI02000367.1
"VSDI02000368.1 Bradysia coprophila strain Holo2 associated_contig_364, whole genome shotgun sequence",VSDI02000368.1
"VSDI02000369.1 Bradysia coprophila strain Holo2 associated_contig_365, whole genome shotgun sequence",VSDI02000369.1
"VSDI02000370.1 Bradysia coprophila strain Holo2 associated_contig_366, whole genome shotgun sequence",VSDI02000370.1
"VSDI02000371.1 Bradysia coprophila strain Holo2 associated_contig_367, whole genome shotgun sequence",VSDI02000371.1
"VSDI02000372.1 Bradysia coprophila strain Holo2 associated_contig_368, whole genome shotgun sequence",VSDI02000372.1
"VSDI02000373.1 Bradysia coprophila strain Holo2 associated_contig_369, whole genome shotgun sequence",VSDI02000373.1
"VSDI02000041.1 Bradysia coprophila strain Holo2 associated_contig_37, whole genome shotgun sequence",VSDI02000041.1
"VSDI02000374.1 Bradysia coprophila strain Holo2 associated_contig_370, whole genome shotgun sequence",VSDI02000374.1
"VSDI02000375.1 Bradysia coprophila strain Holo2 associated_contig_371, whole genome shotgun sequence",VSDI02000375.1
"VSDI02000376.1 Bradysia coprophila strain Holo2 associated_contig_372, whole genome shotgun sequence",VSDI02000376.1
"VSDI02000377.1 Bradysia coprophila strain Holo2 associated_contig_373, whole genome shotgun sequence",VSDI02000377.1
"VSDI02000378.1 Bradysia coprophila strain Holo2 associated_contig_374, whole genome shotgun sequence",VSDI02000378.1
"VSDI02000379.1 Bradysia coprophila strain Holo2 associated_contig_375, whole genome shotgun sequence",VSDI02000379.1
"VSDI02000380.1 Bradysia coprophila strain Holo2 associated_contig_376, whole genome shotgun sequence",VSDI02000380.1
"VSDI02000381.1 Bradysia coprophila strain Holo2 associated_contig_377, whole genome shotgun sequence",VSDI02000381.1
"VSDI02000382.1 Bradysia coprophila strain Holo2 associated_contig_378, whole genome shotgun sequence",VSDI02000382.1
"VSDI02000383.1 Bradysia coprophila strain Holo2 associated_contig_379, whole genome shotgun sequence",VSDI02000383.1
"VSDI02000042.1 Bradysia coprophila strain Holo2 associated_contig_38, whole genome shotgun sequence",VSDI02000042.1
"VSDI02000384.1 Bradysia coprophila strain Holo2 associated_contig_380, whole genome shotgun sequence",VSDI02000384.1
"VSDI02000385.1 Bradysia coprophila strain Holo2 associated_contig_381, whole genome shotgun sequence",VSDI02000385.1
"VSDI02000386.1 Bradysia coprophila strain Holo2 associated_contig_382, whole genome shotgun sequence",VSDI02000386.1
"VSDI02000387.1 Bradysia coprophila strain Holo2 associated_contig_383, whole genome shotgun sequence",VSDI02000387.1
"VSDI02000388.1 Bradysia coprophila strain Holo2 associated_contig_384, whole genome shotgun sequence",VSDI02000388.1
"VSDI02000389.1 Bradysia coprophila strain Holo2 associated_contig_385, whole genome shotgun sequence",VSDI02000389.1
"VSDI02000390.1 Bradysia coprophila strain Holo2 associated_contig_386, whole genome shotgun sequence",VSDI02000390.1
"VSDI02000391.1 Bradysia coprophila strain Holo2 associated_contig_387, whole genome shotgun sequence",VSDI02000391.1
"VSDI02000392.1 Bradysia coprophila strain Holo2 associated_contig_388, whole genome shotgun sequence",VSDI02000392.1
"VSDI02000393.1 Bradysia coprophila strain Holo2 associated_contig_389, whole genome shotgun sequence",VSDI02000393.1
"VSDI02000043.1 Bradysia coprophila strain Holo2 associated_contig_39, whole genome shotgun sequence",VSDI02000043.1
"VSDI02000394.1 Bradysia coprophila strain Holo2 associated_contig_390, whole genome shotgun sequence",VSDI02000394.1
"VSDI02000395.1 Bradysia coprophila strain Holo2 associated_contig_391, whole genome shotgun sequence",VSDI02000395.1
"VSDI02000396.1 Bradysia coprophila strain Holo2 associated_contig_392, whole genome shotgun sequence",VSDI02000396.1
"VSDI02000397.1 Bradysia coprophila strain Holo2 associated_contig_393, whole genome shotgun sequence",VSDI02000397.1
"VSDI02000398.1 Bradysia coprophila strain Holo2 associated_contig_394, whole genome shotgun sequence",VSDI02000398.1
"VSDI02000399.1 Bradysia coprophila strain Holo2 associated_contig_395, whole genome shotgun sequence",VSDI02000399.1
"VSDI02000400.1 Bradysia coprophila strain Holo2 associated_contig_396, whole genome shotgun sequence",VSDI02000400.1
"VSDI02000401.1 Bradysia coprophila strain Holo2 associated_contig_397, whole genome shotgun sequence",VSDI02000401.1
"VSDI02000402.1 Bradysia coprophila strain Holo2 associated_contig_398, whole genome shotgun sequence",VSDI02000402.1
"VSDI02000403.1 Bradysia coprophila strain Holo2 associated_contig_399, whole genome shotgun sequence",VSDI02000403.1
"VSDI02000008.1 Bradysia coprophila strain Holo2 associated_contig_4, whole genome shotgun sequence",VSDI02000008.1
"VSDI02000044.1 Bradysia coprophila strain Holo2 associated_contig_40, whole genome shotgun sequence",VSDI02000044.1
"VSDI02000404.1 Bradysia coprophila strain Holo2 associated_contig_400, whole genome shotgun sequence",VSDI02000404.1
"VSDI02000405.1 Bradysia coprophila strain Holo2 associated_contig_401, whole genome shotgun sequence",VSDI02000405.1
"VSDI02000406.1 Bradysia coprophila strain Holo2 associated_contig_402, whole genome shotgun sequence",VSDI02000406.1
"VSDI02000407.1 Bradysia coprophila strain Holo2 associated_contig_403, whole genome shotgun sequence",VSDI02000407.1
"VSDI02000408.1 Bradysia coprophila strain Holo2 associated_contig_404, whole genome shotgun sequence",VSDI02000408.1
"VSDI02000409.1 Bradysia coprophila strain Holo2 associated_contig_405, whole genome shotgun sequence",VSDI02000409.1
"VSDI02000410.1 Bradysia coprophila strain Holo2 associated_contig_406, whole genome shotgun sequence",VSDI02000410.1
"VSDI02000411.1 Bradysia coprophila strain Holo2 associated_contig_407, whole genome shotgun sequence",VSDI02000411.1
"VSDI02000412.1 Bradysia coprophila strain Holo2 associated_contig_408, whole genome shotgun sequence",VSDI02000412.1
"VSDI02000413.1 Bradysia coprophila strain Holo2 associated_contig_409, whole genome shotgun sequence",VSDI02000413.1
"VSDI02000045.1 Bradysia coprophila strain Holo2 associated_contig_41, whole genome shotgun sequence",VSDI02000045.1
"VSDI02000414.1 Bradysia coprophila strain Holo2 associated_contig_410, whole genome shotgun sequence",VSDI02000414.1
"VSDI02000415.1 Bradysia coprophila strain Holo2 associated_contig_411, whole genome shotgun sequence",VSDI02000415.1
"VSDI02000416.1 Bradysia coprophila strain Holo2 associated_contig_412, whole genome shotgun sequence",VSDI02000416.1
"VSDI02000417.1 Bradysia coprophila strain Holo2 associated_contig_413, whole genome shotgun sequence",VSDI02000417.1
"VSDI02000418.1 Bradysia coprophila strain Holo2 associated_contig_414, whole genome shotgun sequence",VSDI02000418.1
"VSDI02000419.1 Bradysia coprophila strain Holo2 associated_contig_415, whole genome shotgun sequence",VSDI02000419.1
"VSDI02000420.1 Bradysia coprophila strain Holo2 associated_contig_416, whole genome shotgun sequence",VSDI02000420.1
"VSDI02000421.1 Bradysia coprophila strain Holo2 associated_contig_417, whole genome shotgun sequence",VSDI02000421.1
"VSDI02000422.1 Bradysia coprophila strain Holo2 associated_contig_418, whole genome shotgun sequence",VSDI02000422.1
"VSDI02000423.1 Bradysia coprophila strain Holo2 associated_contig_419, whole genome shotgun sequence",VSDI02000423.1
"VSDI02000046.1 Bradysia coprophila strain Holo2 associated_contig_42, whole genome shotgun sequence",VSDI02000046.1
"VSDI02000424.1 Bradysia coprophila strain Holo2 associated_contig_420, whole genome shotgun sequence",VSDI02000424.1
"VSDI02000425.1 Bradysia coprophila strain Holo2 associated_contig_421, whole genome shotgun sequence",VSDI02000425.1
"VSDI02000426.1 Bradysia coprophila strain Holo2 associated_contig_422, whole genome shotgun sequence",VSDI02000426.1
"VSDI02000427.1 Bradysia coprophila strain Holo2 associated_contig_423, whole genome shotgun sequence",VSDI02000427.1
"VSDI02000428.1 Bradysia coprophila strain Holo2 associated_contig_424, whole genome shotgun sequence",VSDI02000428.1
"VSDI02000429.1 Bradysia coprophila strain Holo2 associated_contig_425, whole genome shotgun sequence",VSDI02000429.1
"VSDI02000430.1 Bradysia coprophila strain Holo2 associated_contig_426, whole genome shotgun sequence",VSDI02000430.1
"VSDI02000431.1 Bradysia coprophila strain Holo2 associated_contig_427, whole genome shotgun sequence",VSDI02000431.1
"VSDI02000432.1 Bradysia coprophila strain Holo2 associated_contig_428, whole genome shotgun sequence",VSDI02000432.1
"VSDI02000433.1 Bradysia coprophila strain Holo2 associated_contig_429, whole genome shotgun sequence",VSDI02000433.1
"VSDI02000047.1 Bradysia coprophila strain Holo2 associated_contig_43, whole genome shotgun sequence",VSDI02000047.1
"VSDI02000434.1 Bradysia coprophila strain Holo2 associated_contig_430, whole genome shotgun sequence",VSDI02000434.1
"VSDI02000435.1 Bradysia coprophila strain Holo2 associated_contig_431, whole genome shotgun sequence",VSDI02000435.1
"VSDI02000436.1 Bradysia coprophila strain Holo2 associated_contig_432, whole genome shotgun sequence",VSDI02000436.1
"VSDI02000437.1 Bradysia coprophila strain Holo2 associated_contig_433, whole genome shotgun sequence",VSDI02000437.1
"VSDI02000438.1 Bradysia coprophila strain Holo2 associated_contig_434, whole genome shotgun sequence",VSDI02000438.1
"VSDI02000439.1 Bradysia coprophila strain Holo2 associated_contig_435, whole genome shotgun sequence",VSDI02000439.1
"VSDI02000440.1 Bradysia coprophila strain Holo2 associated_contig_436, whole genome shotgun sequence",VSDI02000440.1
"VSDI02000441.1 Bradysia coprophila strain Holo2 associated_contig_437, whole genome shotgun sequence",VSDI02000441.1
"VSDI02000442.1 Bradysia coprophila strain Holo2 associated_contig_438, whole genome shotgun sequence",VSDI02000442.1
"VSDI02000443.1 Bradysia coprophila strain Holo2 associated_contig_439, whole genome shotgun sequence",VSDI02000443.1
"VSDI02000048.1 Bradysia coprophila strain Holo2 associated_contig_44, whole genome shotgun sequence",VSDI02000048.1
"VSDI02000444.1 Bradysia coprophila strain Holo2 associated_contig_440, whole genome shotgun sequence",VSDI02000444.1
"VSDI02000445.1 Bradysia coprophila strain Holo2 associated_contig_441, whole genome shotgun sequence",VSDI02000445.1
"VSDI02000446.1 Bradysia coprophila strain Holo2 associated_contig_442, whole genome shotgun sequence",VSDI02000446.1
"VSDI02000447.1 Bradysia coprophila strain Holo2 associated_contig_443, whole genome shotgun sequence",VSDI02000447.1
"VSDI02000448.1 Bradysia coprophila strain Holo2 associated_contig_444, whole genome shotgun sequence",VSDI02000448.1
"VSDI02000449.1 Bradysia coprophila strain Holo2 associated_contig_445, whole genome shotgun sequence",VSDI02000449.1
"VSDI02000450.1 Bradysia coprophila strain Holo2 associated_contig_446, whole genome shotgun sequence",VSDI02000450.1
"VSDI02000451.1 Bradysia coprophila strain Holo2 associated_contig_447, whole genome shotgun sequence",VSDI02000451.1
"VSDI02000452.1 Bradysia coprophila strain Holo2 associated_contig_448, whole genome shotgun sequence",VSDI02000452.1
"VSDI02000453.1 Bradysia coprophila strain Holo2 associated_contig_449, whole genome shotgun sequence",VSDI02000453.1
"VSDI02000049.1 Bradysia coprophila strain Holo2 associated_contig_45, whole genome shotgun sequence",VSDI02000049.1
"VSDI02000454.1 Bradysia coprophila strain Holo2 associated_contig_450, whole genome shotgun sequence",VSDI02000454.1
"VSDI02000455.1 Bradysia coprophila strain Holo2 associated_contig_451, whole genome shotgun sequence",VSDI02000455.1
"VSDI02000456.1 Bradysia coprophila strain Holo2 associated_contig_452, whole genome shotgun sequence",VSDI02000456.1
"VSDI02000457.1 Bradysia coprophila strain Holo2 associated_contig_453, whole genome shotgun sequence",VSDI02000457.1
"VSDI02000458.1 Bradysia coprophila strain Holo2 associated_contig_454, whole genome shotgun sequence",VSDI02000458.1
"VSDI02000459.1 Bradysia coprophila strain Holo2 associated_contig_455, whole genome shotgun sequence",VSDI02000459.1
"VSDI02000460.1 Bradysia coprophila strain Holo2 associated_contig_456, whole genome shotgun sequence",VSDI02000460.1
"VSDI02000461.1 Bradysia coprophila strain Holo2 associated_contig_457, whole genome shotgun sequence",VSDI02000461.1
"VSDI02000462.1 Bradysia coprophila strain Holo2 associated_contig_458, whole genome shotgun sequence",VSDI02000462.1
"VSDI02000463.1 Bradysia coprophila strain Holo2 associated_contig_459, whole genome shotgun sequence",VSDI02000463.1
"VSDI02000050.1 Bradysia coprophila strain Holo2 associated_contig_46, whole genome shotgun sequence",VSDI02000050.1
"VSDI02000464.1 Bradysia coprophila strain Holo2 associated_contig_460, whole genome shotgun sequence",VSDI02000464.1
"VSDI02000465.1 Bradysia coprophila strain Holo2 associated_contig_461, whole genome shotgun sequence",VSDI02000465.1
"VSDI02000466.1 Bradysia coprophila strain Holo2 associated_contig_462, whole genome shotgun sequence",VSDI02000466.1
"VSDI02000467.1 Bradysia coprophila strain Holo2 associated_contig_463, whole genome shotgun sequence",VSDI02000467.1
"VSDI02000468.1 Bradysia coprophila strain Holo2 associated_contig_464, whole genome shotgun sequence",VSDI02000468.1
"VSDI02000469.1 Bradysia coprophila strain Holo2 associated_contig_465, whole genome shotgun sequence",VSDI02000469.1
"VSDI02000470.1 Bradysia coprophila strain Holo2 associated_contig_466, whole genome shotgun sequence",VSDI02000470.1
"VSDI02000471.1 Bradysia coprophila strain Holo2 associated_contig_467, whole genome shotgun sequence",VSDI02000471.1
"VSDI02000472.1 Bradysia coprophila strain Holo2 associated_contig_468, whole genome shotgun sequence",VSDI02000472.1
"VSDI02000473.1 Bradysia coprophila strain Holo2 associated_contig_469, whole genome shotgun sequence",VSDI02000473.1
"VSDI02000051.1 Bradysia coprophila strain Holo2 associated_contig_47, whole genome shotgun sequence",VSDI02000051.1
"VSDI02000474.1 Bradysia coprophila strain Holo2 associated_contig_470, whole genome shotgun sequence",VSDI02000474.1
"VSDI02000475.1 Bradysia coprophila strain Holo2 associated_contig_471, whole genome shotgun sequence",VSDI02000475.1
"VSDI02000476.1 Bradysia coprophila strain Holo2 associated_contig_472, whole genome shotgun sequence",VSDI02000476.1
"VSDI02000477.1 Bradysia coprophila strain Holo2 associated_contig_473, whole genome shotgun sequence",VSDI02000477.1
"VSDI02000478.1 Bradysia coprophila strain Holo2 associated_contig_474, whole genome shotgun sequence",VSDI02000478.1
"VSDI02000479.1 Bradysia coprophila strain Holo2 associated_contig_475, whole genome shotgun sequence",VSDI02000479.1
"VSDI02000480.1 Bradysia coprophila strain Holo2 associated_contig_476, whole genome shotgun sequence",VSDI02000480.1
"VSDI02000481.1 Bradysia coprophila strain Holo2 associated_contig_477, whole genome shotgun sequence",VSDI02000481.1
"VSDI02000482.1 Bradysia coprophila strain Holo2 associated_contig_478, whole genome shotgun sequence",VSDI02000482.1
"VSDI02000483.1 Bradysia coprophila strain Holo2 associated_contig_479, whole genome shotgun sequence",VSDI02000483.1
"VSDI02000052.1 Bradysia coprophila strain Holo2 associated_contig_48, whole genome shotgun sequence",VSDI02000052.1
"VSDI02000484.1 Bradysia coprophila strain Holo2 associated_contig_480, whole genome shotgun sequence",VSDI02000484.1
"VSDI02000485.1 Bradysia coprophila strain Holo2 associated_contig_481, whole genome shotgun sequence",VSDI02000485.1
"VSDI02000486.1 Bradysia coprophila strain Holo2 associated_contig_482, whole genome shotgun sequence",VSDI02000486.1
"VSDI02000487.1 Bradysia coprophila strain Holo2 associated_contig_483, whole genome shotgun sequence",VSDI02000487.1
"VSDI02000488.1 Bradysia coprophila strain Holo2 associated_contig_484, whole genome shotgun sequence",VSDI02000488.1
"VSDI02000489.1 Bradysia coprophila strain Holo2 associated_contig_485, whole genome shotgun sequence",VSDI02000489.1
"VSDI02000490.1 Bradysia coprophila strain Holo2 associated_contig_486, whole genome shotgun sequence",VSDI02000490.1
"VSDI02000491.1 Bradysia coprophila strain Holo2 associated_contig_487, whole genome shotgun sequence",VSDI02000491.1
"VSDI02000492.1 Bradysia coprophila strain Holo2 associated_contig_488, whole genome shotgun sequence",VSDI02000492.1
"VSDI02000493.1 Bradysia coprophila strain Holo2 associated_contig_489, whole genome shotgun sequence",VSDI02000493.1
"VSDI02000053.1 Bradysia coprophila strain Holo2 associated_contig_49, whole genome shotgun sequence",VSDI02000053.1
"VSDI02000494.1 Bradysia coprophila strain Holo2 associated_contig_490, whole genome shotgun sequence",VSDI02000494.1
"VSDI02000495.1 Bradysia coprophila strain Holo2 associated_contig_491, whole genome shotgun sequence",VSDI02000495.1
"VSDI02000496.1 Bradysia coprophila strain Holo2 associated_contig_492, whole genome shotgun sequence",VSDI02000496.1
"VSDI02000497.1 Bradysia coprophila strain Holo2 associated_contig_493, whole genome shotgun sequence",VSDI02000497.1
"VSDI02000498.1 Bradysia coprophila strain Holo2 associated_contig_494, whole genome shotgun sequence",VSDI02000498.1
"VSDI02000499.1 Bradysia coprophila strain Holo2 associated_contig_495, whole genome shotgun sequence",VSDI02000499.1
"VSDI02000500.1 Bradysia coprophila strain Holo2 associated_contig_496, whole genome shotgun sequence",VSDI02000500.1
"VSDI02000501.1 Bradysia coprophila strain Holo2 associated_contig_497, whole genome shotgun sequence",VSDI02000501.1
"VSDI02000502.1 Bradysia coprophila strain Holo2 associated_contig_498, whole genome shotgun sequence",VSDI02000502.1
"VSDI02000503.1 Bradysia coprophila strain Holo2 associated_contig_499, whole genome shotgun sequence",VSDI02000503.1
"VSDI02000009.1 Bradysia coprophila strain Holo2 associated_contig_5, whole genome shotgun sequence",VSDI02000009.1
"VSDI02000054.1 Bradysia coprophila strain Holo2 associated_contig_50, whole genome shotgun sequence",VSDI02000054.1
"VSDI02000504.1 Bradysia coprophila strain Holo2 associated_contig_500, whole genome shotgun sequence",VSDI02000504.1
"VSDI02000505.1 Bradysia coprophila strain Holo2 associated_contig_501, whole genome shotgun sequence",VSDI02000505.1
"VSDI02000506.1 Bradysia coprophila strain Holo2 associated_contig_502, whole genome shotgun sequence",VSDI02000506.1
"VSDI02000507.1 Bradysia coprophila strain Holo2 associated_contig_503, whole genome shotgun sequence",VSDI02000507.1
"VSDI02000508.1 Bradysia coprophila strain Holo2 associated_contig_504, whole genome shotgun sequence",VSDI02000508.1
"VSDI02000509.1 Bradysia coprophila strain Holo2 associated_contig_505, whole genome shotgun sequence",VSDI02000509.1
"VSDI02000510.1 Bradysia coprophila strain Holo2 associated_contig_506, whole genome shotgun sequence",VSDI02000510.1
"VSDI02000511.1 Bradysia coprophila strain Holo2 associated_contig_507, whole genome shotgun sequence",VSDI02000511.1
"VSDI02000512.1 Bradysia coprophila strain Holo2 associated_contig_508, whole genome shotgun sequence",VSDI02000512.1
"VSDI02000513.1 Bradysia coprophila strain Holo2 associated_contig_509, whole genome shotgun sequence",VSDI02000513.1
"VSDI02000055.1 Bradysia coprophila strain Holo2 associated_contig_51, whole genome shotgun sequence",VSDI02000055.1
"VSDI02000514.1 Bradysia coprophila strain Holo2 associated_contig_510, whole genome shotgun sequence",VSDI02000514.1
"VSDI02000515.1 Bradysia coprophila strain Holo2 associated_contig_511, whole genome shotgun sequence",VSDI02000515.1
"VSDI02000516.1 Bradysia coprophila strain Holo2 associated_contig_512, whole genome shotgun sequence",VSDI02000516.1
"VSDI02000517.1 Bradysia coprophila strain Holo2 associated_contig_513, whole genome shotgun sequence",VSDI02000517.1
"VSDI02000518.1 Bradysia coprophila strain Holo2 associated_contig_514, whole genome shotgun sequence",VSDI02000518.1
"VSDI02000519.1 Bradysia coprophila strain Holo2 associated_contig_515, whole genome shotgun sequence",VSDI02000519.1
"VSDI02000520.1 Bradysia coprophila strain Holo2 associated_contig_516, whole genome shotgun sequence",VSDI02000520.1
"VSDI02000521.1 Bradysia coprophila strain Holo2 associated_contig_517, whole genome shotgun sequence",VSDI02000521.1
"VSDI02000522.1 Bradysia coprophila strain Holo2 associated_contig_518, whole genome shotgun sequence",VSDI02000522.1
"VSDI02000523.1 Bradysia coprophila strain Holo2 associated_contig_519, whole genome shotgun sequence",VSDI02000523.1
"VSDI02000056.1 Bradysia coprophila strain Holo2 associated_contig_52, whole genome shotgun sequence",VSDI02000056.1
"VSDI02000524.1 Bradysia coprophila strain Holo2 associated_contig_520, whole genome shotgun sequence",VSDI02000524.1
"VSDI02000525.1 Bradysia coprophila strain Holo2 associated_contig_521, whole genome shotgun sequence",VSDI02000525.1
"VSDI02000526.1 Bradysia coprophila strain Holo2 associated_contig_522, whole genome shotgun sequence",VSDI02000526.1
"VSDI02000527.1 Bradysia coprophila strain Holo2 associated_contig_523, whole genome shotgun sequence",VSDI02000527.1
"VSDI02000528.1 Bradysia coprophila strain Holo2 associated_contig_524, whole genome shotgun sequence",VSDI02000528.1
"VSDI02000529.1 Bradysia coprophila strain Holo2 associated_contig_525, whole genome shotgun sequence",VSDI02000529.1
"VSDI02000530.1 Bradysia coprophila strain Holo2 associated_contig_526, whole genome shotgun sequence",VSDI02000530.1
"VSDI02000531.1 Bradysia coprophila strain Holo2 associated_contig_527, whole genome shotgun sequence",VSDI02000531.1
"VSDI02000532.1 Bradysia coprophila strain Holo2 associated_contig_528, whole genome shotgun sequence",VSDI02000532.1
"VSDI02000533.1 Bradysia coprophila strain Holo2 associated_contig_529, whole genome shotgun sequence",VSDI02000533.1
"VSDI02000057.1 Bradysia coprophila strain Holo2 associated_contig_53, whole genome shotgun sequence",VSDI02000057.1
"VSDI02000534.1 Bradysia coprophila strain Holo2 associated_contig_530, whole genome shotgun sequence",VSDI02000534.1
"VSDI02000535.1 Bradysia coprophila strain Holo2 associated_contig_531, whole genome shotgun sequence",VSDI02000535.1
"VSDI02000536.1 Bradysia coprophila strain Holo2 associated_contig_532, whole genome shotgun sequence",VSDI02000536.1
"VSDI02000537.1 Bradysia coprophila strain Holo2 associated_contig_533, whole genome shotgun sequence",VSDI02000537.1
"VSDI02000538.1 Bradysia coprophila strain Holo2 associated_contig_534, whole genome shotgun sequence",VSDI02000538.1
"VSDI02000539.1 Bradysia coprophila strain Holo2 associated_contig_535, whole genome shotgun sequence",VSDI02000539.1
"VSDI02000540.1 Bradysia coprophila strain Holo2 associated_contig_536, whole genome shotgun sequence",VSDI02000540.1
"VSDI02000541.1 Bradysia coprophila strain Holo2 associated_contig_537, whole genome shotgun sequence",VSDI02000541.1
"VSDI02000542.1 Bradysia coprophila strain Holo2 associated_contig_538, whole genome shotgun sequence",VSDI02000542.1
"VSDI02000543.1 Bradysia coprophila strain Holo2 associated_contig_539, whole genome shotgun sequence",VSDI02000543.1
"VSDI02000058.1 Bradysia coprophila strain Holo2 associated_contig_54, whole genome shotgun sequence",VSDI02000058.1
"VSDI02000544.1 Bradysia coprophila strain Holo2 associated_contig_540, whole genome shotgun sequence",VSDI02000544.1
"VSDI02000545.1 Bradysia coprophila strain Holo2 associated_contig_541, whole genome shotgun sequence",VSDI02000545.1
"VSDI02000546.1 Bradysia coprophila strain Holo2 associated_contig_542, whole genome shotgun sequence",VSDI02000546.1
"VSDI02000547.1 Bradysia coprophila strain Holo2 associated_contig_543, whole genome shotgun sequence",VSDI02000547.1
"VSDI02000548.1 Bradysia coprophila strain Holo2 associated_contig_544, whole genome shotgun sequence",VSDI02000548.1
"VSDI02000549.1 Bradysia coprophila strain Holo2 associated_contig_545, whole genome shotgun sequence",VSDI02000549.1
"VSDI02000550.1 Bradysia coprophila strain Holo2 associated_contig_546, whole genome shotgun sequence",VSDI02000550.1
"VSDI02000551.1 Bradysia coprophila strain Holo2 associated_contig_547, whole genome shotgun sequence",VSDI02000551.1
"VSDI02000552.1 Bradysia coprophila strain Holo2 associated_contig_548, whole genome shotgun sequence",VSDI02000552.1
"VSDI02000553.1 Bradysia coprophila strain Holo2 associated_contig_549, whole genome shotgun sequence",VSDI02000553.1
"VSDI02000059.1 Bradysia coprophila strain Holo2 associated_contig_55, whole genome shotgun sequence",VSDI02000059.1
"VSDI02000554.1 Bradysia coprophila strain Holo2 associated_contig_550, whole genome shotgun sequence",VSDI02000554.1
"VSDI02000555.1 Bradysia coprophila strain Holo2 associated_contig_551, whole genome shotgun sequence",VSDI02000555.1
"VSDI02000556.1 Bradysia coprophila strain Holo2 associated_contig_552, whole genome shotgun sequence",VSDI02000556.1
"VSDI02000557.1 Bradysia coprophila strain Holo2 associated_contig_553, whole genome shotgun sequence",VSDI02000557.1
"VSDI02000558.1 Bradysia coprophila strain Holo2 associated_contig_554, whole genome shotgun sequence",VSDI02000558.1
"VSDI02000559.1 Bradysia coprophila strain Holo2 associated_contig_555, whole genome shotgun sequence",VSDI02000559.1
"VSDI02000560.1 Bradysia coprophila strain Holo2 associated_contig_556, whole genome shotgun sequence",VSDI02000560.1
"VSDI02000561.1 Bradysia coprophila strain Holo2 associated_contig_557, whole genome shotgun sequence",VSDI02000561.1
"VSDI02000562.1 Bradysia coprophila strain Holo2 associated_contig_558, whole genome shotgun sequence",VSDI02000562.1
"VSDI02000563.1 Bradysia coprophila strain Holo2 associated_contig_559, whole genome shotgun sequence",VSDI02000563.1
"VSDI02000060.1 Bradysia coprophila strain Holo2 associated_contig_56, whole genome shotgun sequence",VSDI02000060.1
"VSDI02000564.1 Bradysia coprophila strain Holo2 associated_contig_560, whole genome shotgun sequence",VSDI02000564.1
"VSDI02000565.1 Bradysia coprophila strain Holo2 associated_contig_561, whole genome shotgun sequence",VSDI02000565.1
"VSDI02000566.1 Bradysia coprophila strain Holo2 associated_contig_562, whole genome shotgun sequence",VSDI02000566.1
"VSDI02000567.1 Bradysia coprophila strain Holo2 associated_contig_563, whole genome shotgun sequence",VSDI02000567.1
"VSDI02000568.1 Bradysia coprophila strain Holo2 associated_contig_564, whole genome shotgun sequence",VSDI02000568.1
"VSDI02000569.1 Bradysia coprophila strain Holo2 associated_contig_565, whole genome shotgun sequence",VSDI02000569.1
"VSDI02000570.1 Bradysia coprophila strain Holo2 associated_contig_566, whole genome shotgun sequence",VSDI02000570.1
"VSDI02000571.1 Bradysia coprophila strain Holo2 associated_contig_567, whole genome shotgun sequence",VSDI02000571.1
"VSDI02000572.1 Bradysia coprophila strain Holo2 associated_contig_568, whole genome shotgun sequence",VSDI02000572.1
"VSDI02000573.1 Bradysia coprophila strain Holo2 associated_contig_569, whole genome shotgun sequence",VSDI02000573.1
"VSDI02000061.1 Bradysia coprophila strain Holo2 associated_contig_57, whole genome shotgun sequence",VSDI02000061.1
"VSDI02000574.1 Bradysia coprophila strain Holo2 associated_contig_570, whole genome shotgun sequence",VSDI02000574.1
"VSDI02000575.1 Bradysia coprophila strain Holo2 associated_contig_571, whole genome shotgun sequence",VSDI02000575.1
"VSDI02000576.1 Bradysia coprophila strain Holo2 associated_contig_572, whole genome shotgun sequence",VSDI02000576.1
"VSDI02000577.1 Bradysia coprophila strain Holo2 associated_contig_573, whole genome shotgun sequence",VSDI02000577.1
"VSDI02000578.1 Bradysia coprophila strain Holo2 associated_contig_574, whole genome shotgun sequence",VSDI02000578.1
"VSDI02000580.1 Bradysia coprophila strain Holo2 associated_contig_576, whole genome shotgun sequence",VSDI02000580.1
"VSDI02000581.1 Bradysia coprophila strain Holo2 associated_contig_577, whole genome shotgun sequence",VSDI02000581.1
"VSDI02000582.1 Bradysia coprophila strain Holo2 associated_contig_578, whole genome shotgun sequence",VSDI02000582.1
"VSDI02000583.1 Bradysia coprophila strain Holo2 associated_contig_579, whole genome shotgun sequence",VSDI02000583.1
"VSDI02000062.1 Bradysia coprophila strain Holo2 associated_contig_58, whole genome shotgun sequence",VSDI02000062.1
"VSDI02000584.1 Bradysia coprophila strain Holo2 associated_contig_580, whole genome shotgun sequence",VSDI02000584.1
"VSDI02000585.1 Bradysia coprophila strain Holo2 associated_contig_581, whole genome shotgun sequence",VSDI02000585.1
"VSDI02000586.1 Bradysia coprophila strain Holo2 associated_contig_582, whole genome shotgun sequence",VSDI02000586.1
"VSDI02000587.1 Bradysia coprophila strain Holo2 associated_contig_583, whole genome shotgun sequence",VSDI02000587.1
"VSDI02000588.1 Bradysia coprophila strain Holo2 associated_contig_584, whole genome shotgun sequence",VSDI02000588.1
"VSDI02000589.1 Bradysia coprophila strain Holo2 associated_contig_585, whole genome shotgun sequence",VSDI02000589.1
"VSDI02000590.1 Bradysia coprophila strain Holo2 associated_contig_586, whole genome shotgun sequence",VSDI02000590.1
"VSDI02000591.1 Bradysia coprophila strain Holo2 associated_contig_587, whole genome shotgun sequence",VSDI02000591.1
"VSDI02000592.1 Bradysia coprophila strain Holo2 associated_contig_588, whole genome shotgun sequence",VSDI02000592.1
"VSDI02000593.1 Bradysia coprophila strain Holo2 associated_contig_589, whole genome shotgun sequence",VSDI02000593.1
"VSDI02000063.1 Bradysia coprophila strain Holo2 associated_contig_59, whole genome shotgun sequence",VSDI02000063.1
"VSDI02000594.1 Bradysia coprophila strain Holo2 associated_contig_591, whole genome shotgun sequence",VSDI02000594.1
"VSDI02000010.1 Bradysia coprophila strain Holo2 associated_contig_6, whole genome shotgun sequence",VSDI02000010.1
"VSDI02000064.1 Bradysia coprophila strain Holo2 associated_contig_60, whole genome shotgun sequence",VSDI02000064.1
"VSDI02000065.1 Bradysia coprophila strain Holo2 associated_contig_61, whole genome shotgun sequence",VSDI02000065.1
"VSDI02000066.1 Bradysia coprophila strain Holo2 associated_contig_62, whole genome shotgun sequence",VSDI02000066.1
"VSDI02000067.1 Bradysia coprophila strain Holo2 associated_contig_63, whole genome shotgun sequence",VSDI02000067.1
"VSDI02000068.1 Bradysia coprophila strain Holo2 associated_contig_64, whole genome shotgun sequence",VSDI02000068.1
"VSDI02000069.1 Bradysia coprophila strain Holo2 associated_contig_65, whole genome shotgun sequence",VSDI02000069.1
"VSDI02000070.1 Bradysia coprophila strain Holo2 associated_contig_66, whole genome shotgun sequence",VSDI02000070.1
"VSDI02000071.1 Bradysia coprophila strain Holo2 associated_contig_67, whole genome shotgun sequence",VSDI02000071.1
"VSDI02000072.1 Bradysia coprophila strain Holo2 associated_contig_68, whole genome shotgun sequence",VSDI02000072.1
"VSDI02000073.1 Bradysia coprophila strain Holo2 associated_contig_69, whole genome shotgun sequence",VSDI02000073.1
"VSDI02000011.1 Bradysia coprophila strain Holo2 associated_contig_7, whole genome shotgun sequence",VSDI02000011.1
"VSDI02000074.1 Bradysia coprophila strain Holo2 associated_contig_70, whole genome shotgun sequence",VSDI02000074.1
"VSDI02000075.1 Bradysia coprophila strain Holo2 associated_contig_71, whole genome shotgun sequence",VSDI02000075.1
"VSDI02000076.1 Bradysia coprophila strain Holo2 associated_contig_72, whole genome shotgun sequence",VSDI02000076.1
"VSDI02000077.1 Bradysia coprophila strain Holo2 associated_contig_73, whole genome shotgun sequence",VSDI02000077.1
"VSDI02000078.1 Bradysia coprophila strain Holo2 associated_contig_74, whole genome shotgun sequence",VSDI02000078.1
"VSDI02000079.1 Bradysia coprophila strain Holo2 associated_contig_75, whole genome shotgun sequence",VSDI02000079.1
"VSDI02000080.1 Bradysia coprophila strain Holo2 associated_contig_76, whole genome shotgun sequence",VSDI02000080.1
"VSDI02000081.1 Bradysia coprophila strain Holo2 associated_contig_77, whole genome shotgun sequence",VSDI02000081.1
"VSDI02000082.1 Bradysia coprophila strain Holo2 associated_contig_78, whole genome shotgun sequence",VSDI02000082.1
"VSDI02000083.1 Bradysia coprophila strain Holo2 associated_contig_79, whole genome shotgun sequence",VSDI02000083.1
"VSDI02000012.1 Bradysia coprophila strain Holo2 associated_contig_8, whole genome shotgun sequence",VSDI02000012.1
"VSDI02000084.1 Bradysia coprophila strain Holo2 associated_contig_80, whole genome shotgun sequence",VSDI02000084.1
"VSDI02000085.1 Bradysia coprophila strain Holo2 associated_contig_81, whole genome shotgun sequence",VSDI02000085.1
"VSDI02000086.1 Bradysia coprophila strain Holo2 associated_contig_82, whole genome shotgun sequence",VSDI02000086.1
"VSDI02000087.1 Bradysia coprophila strain Holo2 associated_contig_83, whole genome shotgun sequence",VSDI02000087.1
"VSDI02000088.1 Bradysia coprophila strain Holo2 associated_contig_84, whole genome shotgun sequence",VSDI02000088.1
"VSDI02000089.1 Bradysia coprophila strain Holo2 associated_contig_85, whole genome shotgun sequence",VSDI02000089.1
"VSDI02000090.1 Bradysia coprophila strain Holo2 associated_contig_86, whole genome shotgun sequence",VSDI02000090.1
"VSDI02000091.1 Bradysia coprophila strain Holo2 associated_contig_87, whole genome shotgun sequence",VSDI02000091.1
"VSDI02000092.1 Bradysia coprophila strain Holo2 associated_contig_88, whole genome shotgun sequence",VSDI02000092.1
"VSDI02000093.1 Bradysia coprophila strain Holo2 associated_contig_89, whole genome shotgun sequence",VSDI02000093.1
"VSDI02000013.1 Bradysia coprophila strain Holo2 associated_contig_9, whole genome shotgun sequence",VSDI02000013.1
"VSDI02000094.1 Bradysia coprophila strain Holo2 associated_contig_90, whole genome shotgun sequence",VSDI02000094.1
"VSDI02000095.1 Bradysia coprophila strain Holo2 associated_contig_91, whole genome shotgun sequence",VSDI02000095.1
"VSDI02000096.1 Bradysia coprophila strain Holo2 associated_contig_92, whole genome shotgun sequence",VSDI02000096.1
"VSDI02000097.1 Bradysia coprophila strain Holo2 associated_contig_93, whole genome shotgun sequence",VSDI02000097.1
"VSDI02000098.1 Bradysia coprophila strain Holo2 associated_contig_94, whole genome shotgun sequence",VSDI02000098.1
"VSDI02000099.1 Bradysia coprophila strain Holo2 associated_contig_95, whole genome shotgun sequence",VSDI02000099.1
"VSDI02000100.1 Bradysia coprophila strain Holo2 associated_contig_96, whole genome shotgun sequence",VSDI02000100.1
"VSDI02000101.1 Bradysia coprophila strain Holo2 associated_contig_97, whole genome shotgun sequence",VSDI02000101.1
"VSDI02000102.1 Bradysia coprophila strain Holo2 associated_contig_98, whole genome shotgun sequence",VSDI02000102.1
"VSDI02000103.1 Bradysia coprophila strain Holo2 associated_contig_99, whole genome shotgun sequence",VSDI02000103.1
"VSDI02000579.1 Bradysia coprophila strain Holo2 associated_contig_575 mitochondrion, whole genome shotgun sequence",VSDI02000579.1